[
	{
		"anonymous": false,
		"inputs": [
			{
				"indexed": false,
				"internalType": "address",
				"name": "previousAdmin",
				"type": "address"
			},
			{
				"indexed": false,
				"internalType": "address",
				"name": "newAdmin",
				"type": "address"
			}
		],
		"name": "AdminChanged",
		"type": "event"
	},
	{
		"anonymous": false,
		"inputs": [
			{
				"indexed": true,
				"internalType": "address",
				"name": "beacon",
				"type": "address"
			}
		],
		"name": "BeaconUpgraded",
		"type": "event"
	},
	{
		"inputs": [],
		"name": "ClaimTokens",
		"outputs": [
			{
				"internalType": "bool",
				"name": "",
				"type": "bool"
			}
		],
		"stateMutability": "nonpayable",
		"type": "function"
	},
	{
		"inputs": [
			{
				"internalType": "address",
				"name": "_MTCtokenContractAddr",
				"type": "address"
			},
			{
				"internalType": "address",
				"name": "_USDTContractAddress",
				"type": "address"
			},
			{
				"internalType": "uint256",
				"name": "_startTime",
				"type": "uint256"
			},
			{
				"internalType": "uint256",
				"name": "_endTime",
				"type": "uint256"
			}
		],
		"name": "initialize",
		"outputs": [],
		"stateMutability": "nonpayable",
		"type": "function"
	},
	{
		"anonymous": false,
		"inputs": [
			{
				"indexed": false,
				"internalType": "uint8",
				"name": "version",
				"type": "uint8"
			}
		],
		"name": "Initialized",
		"type": "event"
	},
	{
		"anonymous": false,
		"inputs": [
			{
				"indexed": true,
				"internalType": "address",
				"name": "previousOwner",
				"type": "address"
			},
			{
				"indexed": true,
				"internalType": "address",
				"name": "newOwner",
				"type": "address"
			}
		],
		"name": "OwnershipTransferred",
		"type": "event"
	},
	{
		"anonymous": false,
		"inputs": [
			{
				"indexed": false,
				"internalType": "string",
				"name": "msg",
				"type": "string"
			},
			{
				"indexed": false,
				"internalType": "uint256",
				"name": "stime",
				"type": "uint256"
			},
			{
				"indexed": false,
				"internalType": "uint256",
				"name": "_etime",
				"type": "uint256"
			}
		],
		"name": "Print",
		"type": "event"
	},
	{
		"inputs": [],
		"name": "Refund",
		"outputs": [
			{
				"internalType": "bool",
				"name": "",
				"type": "bool"
			}
		],
		"stateMutability": "nonpayable",
		"type": "function"
	},
	{
		"inputs": [
			{
				"internalType": "address",
				"name": "_tokenAddr",
				"type": "address"
			},
			{
				"internalType": "uint256",
				"name": "_amount",
				"type": "uint256"
			},
			{
				"internalType": "address",
				"name": "_toWallet",
				"type": "address"
			}
		],
		"name": "retrieveStuckedERC20Token",
		"outputs": [
			{
				"internalType": "bool",
				"name": "",
				"type": "bool"
			}
		],
		"stateMutability": "nonpayable",
		"type": "function"
	},
	{
		"inputs": [
			{
				"internalType": "uint256",
				"name": "_numberOfTokens",
				"type": "uint256"
			},
			{
				"internalType": "uint256",
				"name": "_usdtAmount",
				"type": "uint256"
			}
		],
		"name": "SaleICOToken",
		"outputs": [
			{
				"internalType": "bool",
				"name": "",
				"type": "bool"
			}
		],
		"stateMutability": "nonpayable",
		"type": "function"
	},
	{
		"inputs": [
			{
				"internalType": "uint256",
				"name": "_liveETH_to_USDT",
				"type": "uint256"
			},
			{
				"internalType": "uint256",
				"name": "_numberOfTokens",
				"type": "uint256"
			}
		],
		"name": "SaleICOTokenByETH",
		"outputs": [
			{
				"internalType": "bool",
				"name": "",
				"type": "bool"
			}
		],
		"stateMutability": "payable",
		"type": "function"
	},
	{
		"inputs": [
			{
				"internalType": "uint256",
				"name": "_startTime",
				"type": "uint256"
			},
			{
				"internalType": "uint256",
				"name": "_endTime",
				"type": "uint256"
			}
		],
		"name": "setICOTime",
		"outputs": [],
		"stateMutability": "nonpayable",
		"type": "function"
	},
	{
		"inputs": [
			{
				"internalType": "uint256[]",
				"name": "_presaleRate",
				"type": "uint256[]"
			}
		],
		"name": "setPresaleRate",
		"outputs": [],
		"stateMutability": "nonpayable",
		"type": "function"
	},
	{
		"inputs": [
			{
				"internalType": "address",
				"name": "_tokenContract",
				"type": "address"
			}
		],
		"name": "setTokenContract",
		"outputs": [],
		"stateMutability": "nonpayable",
		"type": "function"
	},
	{
		"inputs": [
			{
				"internalType": "address",
				"name": "newOwner",
				"type": "address"
			}
		],
		"name": "transferOwnership",
		"outputs": [],
		"stateMutability": "nonpayable",
		"type": "function"
	},
	{
		"anonymous": false,
		"inputs": [
			{
				"indexed": true,
				"internalType": "address",
				"name": "implementation",
				"type": "address"
			}
		],
		"name": "Upgraded",
		"type": "event"
	},
	{
		"inputs": [
			{
				"internalType": "address",
				"name": "newImplementation",
				"type": "address"
			}
		],
		"name": "upgradeTo",
		"outputs": [],
		"stateMutability": "nonpayable",
		"type": "function"
	},
	{
		"inputs": [
			{
				"internalType": "address",
				"name": "newImplementation",
				"type": "address"
			},
			{
				"internalType": "bytes",
				"name": "data",
				"type": "bytes"
			}
		],
		"name": "upgradeToAndCall",
		"outputs": [],
		"stateMutability": "payable",
		"type": "function"
	},
	{
		"inputs": [],
		"name": "currentPosition",
		"outputs": [
			{
				"internalType": "uint256",
				"name": "",
				"type": "uint256"
			}
		],
		"stateMutability": "view",
		"type": "function"
	},
	{
		"inputs": [],
		"name": "getTokenomics",
		"outputs": [
			{
				"internalType": "uint8",
				"name": "",
				"type": "uint8"
			},
			{
				"internalType": "uint8",
				"name": "",
				"type": "uint8"
			},
			{
				"internalType": "uint256[]",
				"name": "",
				"type": "uint256[]"
			},
			{
				"internalType": "uint256",
				"name": "",
				"type": "uint256"
			},
			{
				"internalType": "uint256",
				"name": "",
				"type": "uint256"
			},
			{
				"internalType": "uint256",
				"name": "",
				"type": "uint256"
			},
			{
				"internalType": "uint256",
				"name": "",
				"type": "uint256"
			},
			{
				"internalType": "uint256",
				"name": "",
				"type": "uint256"
			},
			{
				"internalType": "uint256",
				"name": "",
				"type": "uint256"
			}
		],
		"stateMutability": "view",
		"type": "function"
	},
	{
		"inputs": [
			{
				"internalType": "address[]",
				"name": "_addrArray",
				"type": "address[]"
			},
			{
				"internalType": "address",
				"name": "_addr",
				"type": "address"
			}
		],
		"name": "isAddressInArray",
		"outputs": [
			{
				"internalType": "bool",
				"name": "",
				"type": "bool"
			},
			{
				"internalType": "uint256",
				"name": "",
				"type": "uint256"
			}
		],
		"stateMutability": "pure",
		"type": "function"
	},
	{
		"inputs": [],
		"name": "isHardCapReached",
		"outputs": [
			{
				"internalType": "bool",
				"name": "",
				"type": "bool"
			}
		],
		"stateMutability": "view",
		"type": "function"
	},
	{
		"inputs": [],
		"name": "isIcoOver",
		"outputs": [
			{
				"internalType": "bool",
				"name": "",
				"type": "bool"
			}
		],
		"stateMutability": "view",
		"type": "function"
	},
	{
		"inputs": [],
		"name": "isRefundDone",
		"outputs": [
			{
				"internalType": "bool",
				"name": "",
				"type": "bool"
			}
		],
		"stateMutability": "view",
		"type": "function"
	},
	{
		"inputs": [],
		"name": "isSoftCapReached",
		"outputs": [
			{
				"internalType": "bool",
				"name": "",
				"type": "bool"
			}
		],
		"stateMutability": "view",
		"type": "function"
	},
	{
		"inputs": [],
		"name": "owner",
		"outputs": [
			{
				"internalType": "address",
				"name": "",
				"type": "address"
			}
		],
		"stateMutability": "view",
		"type": "function"
	},
	{
		"inputs": [
			{
				"internalType": "uint256",
				"name": "",
				"type": "uint256"
			}
		],
		"name": "presaleRate",
		"outputs": [
			{
				"internalType": "uint256",
				"name": "",
				"type": "uint256"
			}
		],
		"stateMutability": "view",
		"type": "function"
	},
	{
		"inputs": [],
		"name": "proxiableUUID",
		"outputs": [
			{
				"internalType": "bytes32",
				"name": "",
				"type": "bytes32"
			}
		],
		"stateMutability": "view",
		"type": "function"
	},
	{
		"inputs": [],
		"name": "showAllTrade",
		"outputs": [
			{
				"internalType": "address[]",
				"name": "Addresss",
				"type": "address[]"
			},
			{
				"internalType": "uint256[]",
				"name": "USDT_Amount",
				"type": "uint256[]"
			},
			{
				"internalType": "uint256[]",
				"name": "Number_Tokens",
				"type": "uint256[]"
			}
		],
		"stateMutability": "view",
		"type": "function"
	},
	{
		"inputs": [],
		"name": "showAllTradeHistory",
		"outputs": [
			{
				"internalType": "address[]",
				"name": "Addresss",
				"type": "address[]"
			},
			{
				"internalType": "uint256[]",
				"name": "USDT_Amount",
				"type": "uint256[]"
			},
			{
				"internalType": "uint256[]",
				"name": "Number_Tokens",
				"type": "uint256[]"
			}
		],
		"stateMutability": "view",
		"type": "function"
	}
]